ocel:eid,ocel:activity,ocel:timestamp,ocel:event_type,ocel:event_class,ocel:attr:stream:id,ocel:attr:stream:source,ocel:attr:stream:value,ocel:attr:concept:name,ocel:type:case_object
9d4814c3-54ce-473a-80a1-37f975bc3eb5,Donor check-in,2024-09-11 15:56:09.219000+01:00,Donor check-in,iot_event,Donor check-in,Patient Left,Start,s1s1,['trace_608d0c83']
b5222f25-6ed1-4125-b6e7-782a7bfe6b86,Donor check-in,2024-09-11 15:56:16.011000+01:00,Donor check-in,iot_event,Donor check-in,Patient Left,End,s1s1,['trace_608d0c83']
2126fadd-83e4-445f-8eff-4018bd959e51,HCW check-in,2024-09-11 15:56:19.498000+01:00,HCW check-in,iot_event,HCW check-in,Patient Left,Start,s1s1,['trace_608d0c83']
28352d2a-4933-4213-af42-a2916e479c9e,HCW check-in,2024-09-11 15:56:24.279000+01:00,HCW check-in,iot_event,HCW check-in,Patient Left,End,s1s1,['trace_608d0c83']
95565a8d-ac2a-47e9-9e38-fb38060c78a6,Hand hygiene,2024-09-11 15:56:26.929000+01:00,Hand hygiene,iot_event,Hand hygiene,Patient Left,Start,s1s1,['trace_608d0c83']
5ffdea01-e4a5-4371-ac1e-cad3cb2b37f0,Hand hygiene,2024-09-11 15:56:33.320000+01:00,Hand hygiene,iot_event,Hand hygiene,Patient Left,End,s1s1,['trace_608d0c83']
65b5e6f0-06d7-4225-a4bb-697306919ef0,Check blood drawing machine,2024-09-11 15:56:51.523000+01:00,Check blood drawing machine,iot_event,Check blood drawing machine,Patient Left,Start,s1s1,['trace_608d0c83']
ae5c9d7f-55ae-41e6-8b65-4a5d826b9108,Check blood drawing machine,2024-09-11 15:56:55.794000+01:00,Check blood drawing machine,iot_event,Check blood drawing machine,Patient Left,End,s1s1,['trace_608d0c83']
c3f02201-dbd4-4bd6-b014-94818271efde,Apply tourniquet,2024-09-11 15:56:57.437000+01:00,Apply tourniquet,iot_event,Apply tourniquet,Patient Left,Start,s1s1,['trace_608d0c83']
a1aad46c-7ea2-48a3-90d1-1f9656f53550,Apply tourniquet,2024-09-11 15:57:13.752000+01:00,Apply tourniquet,iot_event,Apply tourniquet,Patient Left,End,s1s1,['trace_608d0c83']
aee1925d-4677-453e-8771-3e0a0264b320,Hand hygiene and wear gloves,2024-09-11 15:57:15.114000+01:00,Hand hygiene and wear gloves,iot_event,Hand hygiene and wear gloves,Patient Left,Start,s1s1,['trace_608d0c83']
15307de6-7f19-49ab-abc8-0db80431e934,Hand hygiene and wear gloves,2024-09-11 15:58:22.076000+01:00,Hand hygiene and wear gloves,iot_event,Hand hygiene and wear gloves,Patient Left,End,s1s1,['trace_608d0c83']
514a5dff-2007-4c8e-b35c-bfe2e38d1bf1,Disinfect injection site,2024-09-11 15:58:25.527000+01:00,Disinfect injection site,iot_event,Disinfect injection site,Patient Left,Start,s1s1,['trace_608d0c83']
91666034-bd9c-407e-a50d-431220072067,Disinfect injection site,2024-09-11 15:58:47.402000+01:00,Disinfect injection site,iot_event,Disinfect injection site,Patient Left,End,s1s1,['trace_608d0c83']
3dea366f-b97d-439c-a4dc-b979a638e880,Insert needle,2024-09-11 15:58:52.283000+01:00,Insert needle,iot_event,Insert needle,Patient Left,Start,s1s1,['trace_608d0c83']
cd63479b-6810-4698-8a36-40a61480ebc0,Insert needle,2024-09-11 15:59:08.026000+01:00,Insert needle,iot_event,Insert needle,Patient Left,End,s1s1,['trace_608d0c83']
7b6cffbe-4731-4cfb-b898-eefc7c86c399,Remove tourniquet,2024-09-11 15:59:11.426000+01:00,Remove tourniquet,iot_event,Remove tourniquet,Patient Left,Start,s1s1,['trace_608d0c83']
37f48b4a-5082-429d-b56d-dd48b462d716,Remove tourniquet,2024-09-11 15:59:17.085000+01:00,Remove tourniquet,iot_event,Remove tourniquet,Patient Left,End,s1s1,['trace_608d0c83']
c6353c62-05e8-41f8-8b24-857add8455ad,Start blood drawing machine,2024-09-11 15:59:20.353000+01:00,Start blood drawing machine,iot_event,Start blood drawing machine,Patient Left,Start,s1s1,['trace_608d0c83']
8c6efdc5-5dea-4659-bd3d-d37f60cc7e26,Start blood drawing machine,2024-09-11 15:59:26.343000+01:00,Start blood drawing machine,iot_event,Start blood drawing machine,Patient Left,End,s1s1,['trace_608d0c83']
fa78df05-70e5-45f9-a507-e2885914899d,Monitor patient,2024-09-11 15:59:28.573000+01:00,Monitor patient,iot_event,Monitor patient,Patient Left,Start,s1s1,['trace_608d0c83']
671566ab-93bf-4bbc-b822-115f606ac38e,Monitor patient,2024-09-11 15:59:37.781000+01:00,Monitor patient,iot_event,Monitor patient,Patient Left,End,s1s1,['trace_608d0c83']
6baf7b68-de8f-4b59-95bd-752450977441,Stop blood drawing machine,2024-09-11 15:59:40.538000+01:00,Stop blood drawing machine,iot_event,Stop blood drawing machine,Patient Left,Start,s1s1,['trace_608d0c83']
8330f31f-50e2-4687-b216-9de7602b958c,Stop blood drawing machine,2024-09-11 15:59:46.788000+01:00,Stop blood drawing machine,iot_event,Stop blood drawing machine,Patient Left,End,s1s1,['trace_608d0c83']
afb4fcd8-7c00-4fe3-bcee-04a13fccbdc6,Remove needle,2024-09-11 15:59:47.824000+01:00,Remove needle,iot_event,Remove needle,Patient Left,Start,s1s1,['trace_608d0c83']
812a3da3-9c2c-4500-95e8-7ccafc6638f4,Remove needle,2024-09-11 16:00:01.199000+01:00,Remove needle,iot_event,Remove needle,Patient Left,End,s1s1,['trace_608d0c83']
66940551-b1ec-40d4-8234-e35d70d1775c,Remove gloves and hand hygiene,2024-09-11 16:00:05.133000+01:00,Remove gloves and hand hygiene,iot_event,Remove gloves and hand hygiene,Patient Left,Start,s1s1,['trace_608d0c83']
944bcdbe-ec55-4065-9dd4-2998cab36367,Remove gloves and hand hygiene,2024-09-11 16:00:37.774000+01:00,Remove gloves and hand hygiene,iot_event,Remove gloves and hand hygiene,Patient Left,End,s1s1,['trace_608d0c83']
bea4d79f-b9eb-4cd6-8735-bc64b77b5820,Donor check-out,2024-09-11 16:00:40.055000+01:00,Donor check-out,iot_event,Donor check-out,Patient Left,Start,s1s1,['trace_608d0c83']
78cae75d-c658-4a81-91d2-82d628622c59,Donor check-out,2024-09-11 16:00:42.692000+01:00,Donor check-out,iot_event,Donor check-out,Patient Left,End,s1s1,['trace_608d0c83']
06bf722b-b1d1-485b-abb4-f78f3216a127,Take out samples,2024-09-11 16:00:47.032000+01:00,Take out samples,iot_event,Take out samples,Patient Left,Start,s1s1,['trace_608d0c83']
8cd0c07b-21d0-4c10-a778-b6225b5f40bf,Take out samples,2024-09-11 16:00:52.772000+01:00,Take out samples,iot_event,Take out samples,Patient Left,End,s1s1,['trace_608d0c83']
a1202f0e-a899-44b2-b4e4-df243ba25d2a,Hand hygiene,2024-09-11 16:00:55.319000+01:00,Hand hygiene,iot_event,Hand hygiene,Patient Left,Start,s1s1,['trace_608d0c83']
780ad4b3-391c-4c09-ae7f-d5fc45f22eef,Hand hygiene,2024-09-11 16:01:15.388000+01:00,Hand hygiene,iot_event,Hand hygiene,Patient Left,End,s1s1,['trace_608d0c83']
b6b4e538-47ab-40ab-972a-0cc5d4f6cfbd,HCW check-out,2024-09-11 16:01:19.321000+01:00,HCW check-out,iot_event,HCW check-out,Patient Left,Start,s1s1,['trace_608d0c83']
b67e2243-c8d7-4f3c-95b0-586d829a90f0,HCW check-out,2024-09-11 16:01:24.354000+01:00,HCW check-out,iot_event,HCW check-out,Patient Left,End,s1s1,['trace_608d0c83']
f5496235-0e22-476c-b70f-79b4bb4eafc3,Donor check-in,2024-09-11 16:04:07.242000+01:00,Donor check-in,iot_event,Donor check-in,Patient Left,Start,s1s2,['trace_ef8906f7']
20f21626-fc46-421d-b515-b46bc139de06,Donor check-in,2024-09-11 16:04:11.160000+01:00,Donor check-in,iot_event,Donor check-in,Patient Left,End,s1s2,['trace_ef8906f7']
3d51e581-2675-4675-a148-1554bbecaf3d,HCW check-in,2024-09-11 16:04:12.680000+01:00,HCW check-in,iot_event,HCW check-in,Patient Left,Start,s1s2,['trace_ef8906f7']
dce67315-6a21-4d5e-bda4-420bd4d3b25c,HCW check-in,2024-09-11 16:04:16.824000+01:00,HCW check-in,iot_event,HCW check-in,Patient Left,End,s1s2,['trace_ef8906f7']
65bcc9b1-c413-400c-ae8c-223f2117f81e,Hand hygiene,2024-09-11 16:04:19.526000+01:00,Hand hygiene,iot_event,Hand hygiene,Patient Left,Start,s1s2,['trace_ef8906f7']
b3b5ac90-ea91-4fa5-bed7-4fa41ead65c2,Hand hygiene,2024-09-11 16:04:29.333000+01:00,Hand hygiene,iot_event,Hand hygiene,Patient Left,End,s1s2,['trace_ef8906f7']
b6b71e93-78a4-4934-befe-9261505b2dff,Check blood drawing machine,2024-09-11 16:04:34.051000+01:00,Check blood drawing machine,iot_event,Check blood drawing machine,Patient Left,Start,s1s2,['trace_ef8906f7']
aac3b007-7ef0-45e7-bb32-83d6057bb9c4,Check blood drawing machine,2024-09-11 16:04:38.805000+01:00,Check blood drawing machine,iot_event,Check blood drawing machine,Patient Left,End,s1s2,['trace_ef8906f7']
6dcf59a5-c139-4a78-9282-320d81e636bd,Apply tourniquet,2024-09-11 16:04:49.577000+01:00,Apply tourniquet,iot_event,Apply tourniquet,Patient Left,Start,s1s2,['trace_ef8906f7']
02be35f5-ccf7-497e-bb57-fc243f611594,Apply tourniquet,2024-09-11 16:05:01.624000+01:00,Apply tourniquet,iot_event,Apply tourniquet,Patient Left,End,s1s2,['trace_ef8906f7']
a37ff5cc-e8e6-4518-8eee-64808d309603,Hand hygiene and wear gloves,2024-09-11 16:05:07.728000+01:00,Hand hygiene and wear gloves,iot_event,Hand hygiene and wear gloves,Patient Left,Start,s1s2,['trace_ef8906f7']
83670238-1bb2-4a57-b3cb-e4e15bc9fb19,Hand hygiene and wear gloves,2024-09-11 16:05:44.835000+01:00,Hand hygiene and wear gloves,iot_event,Hand hygiene and wear gloves,Patient Left,End,s1s2,['trace_ef8906f7']
5b72b2b9-d793-4582-9ff4-4ce4a80a1897,Disinfect injection site,2024-09-11 16:05:48.157000+01:00,Disinfect injection site,iot_event,Disinfect injection site,Patient Left,Start,s1s2,['trace_ef8906f7']
ede94020-b1bd-4fe1-8a4a-5247c78c40ab,Disinfect injection site,2024-09-11 16:06:02.657000+01:00,Disinfect injection site,iot_event,Disinfect injection site,Patient Left,End,s1s2,['trace_ef8906f7']
ef4986a2-71d6-4304-8976-62b9b03ddc06,Insert needle,2024-09-11 16:06:10.548000+01:00,Insert needle,iot_event,Insert needle,Patient Left,Start,s1s2,['trace_ef8906f7']
bd826c28-f1ed-458c-b37d-3d8f4a0a6117,Insert needle,2024-09-11 16:06:16.835000+01:00,Insert needle,iot_event,Insert needle,Patient Left,End,s1s2,['trace_ef8906f7']
04d21c18-3519-40be-911a-cfb096452bcd,Remove tourniquet,2024-09-11 16:06:22.773000+01:00,Remove tourniquet,iot_event,Remove tourniquet,Patient Left,Start,s1s2,['trace_ef8906f7']
7cea999b-3bf9-4167-8b16-3e5ce5082754,Remove tourniquet,2024-09-11 16:06:29.160000+01:00,Remove tourniquet,iot_event,Remove tourniquet,Patient Left,End,s1s2,['trace_ef8906f7']
37487e5f-c2df-4fff-a987-e06cd9f99143,Start blood drawing machine,2024-09-11 16:06:30.804000+01:00,Start blood drawing machine,iot_event,Start blood drawing machine,Patient Left,Start,s1s2,['trace_ef8906f7']
c1be8b00-f8e0-430d-b63e-a7e69d37220c,Start blood drawing machine,2024-09-11 16:06:33.990000+01:00,Start blood drawing machine,iot_event,Start blood drawing machine,Patient Left,End,s1s2,['trace_ef8906f7']
21f690c1-119f-40cb-a0d0-c2cd459a31db,Monitor patient,2024-09-11 16:06:37.730000+01:00,Monitor patient,iot_event,Monitor patient,Patient Left,Start,s1s2,['trace_ef8906f7']
c864f15b-6cf2-48ae-9ee2-c7c118a03bb7,Monitor patient,2024-09-11 16:06:45.055000+01:00,Monitor patient,iot_event,Monitor patient,Patient Left,End,s1s2,['trace_ef8906f7']
341556a6-ff11-4d80-9c1e-e18e5feee17b,Stop blood drawing machine,2024-09-11 16:06:48.773000+01:00,Stop blood drawing machine,iot_event,Stop blood drawing machine,Patient Left,Start,s1s2,['trace_ef8906f7']
329b8ee6-16d9-4c3b-ac02-60a7eadf5dd7,Stop blood drawing machine,2024-09-11 16:06:51.835000+01:00,Stop blood drawing machine,iot_event,Stop blood drawing machine,Patient Left,End,s1s2,['trace_ef8906f7']
c9d2181a-b0a5-4294-9029-6f016fb5e298,Remove needle,2024-09-11 16:06:55.293000+01:00,Remove needle,iot_event,Remove needle,Patient Left,Start,s1s2,['trace_ef8906f7']
fc77a801-03d3-40b6-a576-ab16465b6533,Remove needle,2024-09-11 16:07:08.757000+01:00,Remove needle,iot_event,Remove needle,Patient Left,End,s1s2,['trace_ef8906f7']
d1929b18-97ea-48b8-97e2-cb2d738c5dd9,Remove gloves and hand hygiene,2024-09-11 16:07:11.886000+01:00,Remove gloves and hand hygiene,iot_event,Remove gloves and hand hygiene,Patient Left,Start,s1s2,['trace_ef8906f7']
804036db-c6b9-4cf2-a56a-990e232a5548,Remove gloves and hand hygiene,2024-09-11 16:07:27.810000+01:00,Remove gloves and hand hygiene,iot_event,Remove gloves and hand hygiene,Patient Left,End,s1s2,['trace_ef8906f7']
c0e6bb4d-4035-4fc1-9c8e-954ee49a17bf,Donor check-out,2024-09-11 16:07:29.485000+01:00,Donor check-out,iot_event,Donor check-out,Patient Left,Start,s1s2,['trace_ef8906f7']
b17c926e-270c-4531-a55f-0fec49edab8f,Donor check-out,2024-09-11 16:07:29.905000+01:00,Donor check-out,iot_event,Donor check-out,Patient Left,End,s1s2,['trace_ef8906f7']
e6c431b2-0c90-45ef-a0d8-b285ec9e09eb,Take out samples,2024-09-11 16:07:35.773000+01:00,Take out samples,iot_event,Take out samples,Patient Left,Start,s1s2,['trace_ef8906f7']
7c259eac-7438-490b-ba41-cff36a801ec9,Take out samples,2024-09-11 16:07:43.785000+01:00,Take out samples,iot_event,Take out samples,Patient Left,End,s1s2,['trace_ef8906f7']
f8d93065-4c67-4936-96c5-9f9aa694faea,Hand hygiene,2024-09-11 16:07:49.698000+01:00,Hand hygiene,iot_event,Hand hygiene,Patient Left,Start,s1s2,['trace_ef8906f7']
abbdceba-a3f6-4c35-b358-faebb701c635,Hand hygiene,2024-09-11 16:07:52.216000+01:00,Hand hygiene,iot_event,Hand hygiene,Patient Left,End,s1s2,['trace_ef8906f7']
cfff8a23-bb78-4742-b4d8-1d1fbbdc70b9,HCW check-out,2024-09-11 16:07:53.629000+01:00,HCW check-out,iot_event,HCW check-out,Patient Left,Start,s1s2,['trace_ef8906f7']
b7782f90-a64d-46ed-9a57-f1a12e68462c,HCW check-out,2024-09-11 16:07:55.550000+01:00,HCW check-out,iot_event,HCW check-out,Patient Left,End,s1s2,['trace_ef8906f7']
1bfe9a23-b8e3-4902-903f-465a60dba8fc,Donor check-in,2024-09-11 16:09:44.725000+01:00,Donor check-in,iot_event,Donor check-in,Patient Left,Start,s1s3,['trace_e138c4d9']
6e92d1e5-33a0-4deb-9b91-31f3f6a525a0,Donor check-in,2024-09-11 16:09:48.444000+01:00,Donor check-in,iot_event,Donor check-in,Patient Left,End,s1s3,['trace_e138c4d9']
24dace40-be01-4f68-8826-cc0c328ce737,HCW check-in,2024-09-11 16:09:50.945000+01:00,HCW check-in,iot_event,HCW check-in,Patient Left,Start,s1s3,['trace_e138c4d9']
35a6f582-d3c9-412e-aa37-1d691747b0c6,HCW check-in,2024-09-11 16:09:53.894000+01:00,HCW check-in,iot_event,HCW check-in,Patient Left,End,s1s3,['trace_e138c4d9']
65e04f48-741e-4310-b5a8-e326339fa508,Hand hygiene,2024-09-11 16:09:56.511000+01:00,Hand hygiene,iot_event,Hand hygiene,Patient Left,Start,s1s3,['trace_e138c4d9']
8245d91c-d551-44be-8c83-0111af63ee21,Hand hygiene,2024-09-11 16:10:02.422000+01:00,Hand hygiene,iot_event,Hand hygiene,Patient Left,End,s1s3,['trace_e138c4d9']
1f04b8c9-9160-477c-8aa2-9b005e60437a,Check blood drawing machine,2024-09-11 16:10:03.492000+01:00,Check blood drawing machine,iot_event,Check blood drawing machine,Patient Left,Start,s1s3,['trace_e138c4d9']
5c4d651f-d701-47e5-b5f5-147766435ead,Check blood drawing machine,2024-09-11 16:10:06.951000+01:00,Check blood drawing machine,iot_event,Check blood drawing machine,Patient Left,End,s1s3,['trace_e138c4d9']
5d61ce31-af12-4465-91be-2403b93ba2d3,Apply tourniquet,2024-09-11 16:10:11.341000+01:00,Apply tourniquet,iot_event,Apply tourniquet,Patient Left,Start,s1s3,['trace_e138c4d9']
3e632f9a-2892-46e2-9750-2fe81c306d55,Apply tourniquet,2024-09-11 16:10:16.517000+01:00,Apply tourniquet,iot_event,Apply tourniquet,Patient Left,End,s1s3,['trace_e138c4d9']
528f11db-0498-4a28-b5b0-47e9a3d1554f,Hand hygiene and wear gloves,2024-09-11 16:10:18.357000+01:00,Hand hygiene and wear gloves,iot_event,Hand hygiene and wear gloves,Patient Left,Start,s1s3,['trace_e138c4d9']
748a1675-4537-4987-8517-52343df6f87c,Hand hygiene and wear gloves,2024-09-11 16:10:25.184000+01:00,Hand hygiene and wear gloves,iot_event,Hand hygiene and wear gloves,Patient Left,End,s1s3,['trace_e138c4d9']
e19e723d-2a61-4a6e-8ca3-4e69c1113119,Disinfect injection site,2024-09-11 16:10:29.006000+01:00,Disinfect injection site,iot_event,Disinfect injection site,Patient Left,Start,s1s3,['trace_e138c4d9']
2cee0145-f81b-4a54-b004-c3c627be2aeb,Disinfect injection site,2024-09-11 16:10:38.068000+01:00,Disinfect injection site,iot_event,Disinfect injection site,Patient Left,End,s1s3,['trace_e138c4d9']
d37a04c0-d327-4bec-8452-9a7644e56004,Insert needle,2024-09-11 16:10:42.333000+01:00,Insert needle,iot_event,Insert needle,Patient Left,Start,s1s3,['trace_e138c4d9']
c73fbf5e-25cd-4151-ad50-238371d475af,Insert needle,2024-09-11 16:10:51.549000+01:00,Insert needle,iot_event,Insert needle,Patient Left,End,s1s3,['trace_e138c4d9']
4119e10e-2b24-4137-b278-bdcc1938cbbb,Remove tourniquet,2024-09-11 16:10:54.797000+01:00,Remove tourniquet,iot_event,Remove tourniquet,Patient Left,Start,s1s3,['trace_e138c4d9']
684a2c36-dc6c-4346-ab6f-cc52c4e61c1b,Remove tourniquet,2024-09-11 16:10:57.884000+01:00,Remove tourniquet,iot_event,Remove tourniquet,Patient Left,End,s1s3,['trace_e138c4d9']
cfe9139e-4482-4046-b25d-d6f5e59d39d9,Start blood drawing machine,2024-09-11 16:11:02.331000+01:00,Start blood drawing machine,iot_event,Start blood drawing machine,Patient Left,Start,s1s3,['trace_e138c4d9']
d1fff300-6343-4797-8dd7-654ae095902d,Start blood drawing machine,2024-09-11 16:11:07.290000+01:00,Start blood drawing machine,iot_event,Start blood drawing machine,Patient Left,End,s1s3,['trace_e138c4d9']
be39b868-529b-4598-a292-74b712b80626,Monitor patient,2024-09-11 16:11:10.539000+01:00,Monitor patient,iot_event,Monitor patient,Patient Left,Start,s1s3,['trace_e138c4d9']
0da3d2e8-4ff2-4e65-be56-a515de5c8510,Monitor patient,2024-09-11 16:11:19.675000+01:00,Monitor patient,iot_event,Monitor patient,Patient Left,End,s1s3,['trace_e138c4d9']
3d41ed49-c3a4-42ac-bd3b-3b9683b69d13,Stop blood drawing machine,2024-09-11 16:11:24.391000+01:00,Stop blood drawing machine,iot_event,Stop blood drawing machine,Patient Left,Start,s1s3,['trace_e138c4d9']
f87cba01-e5de-423e-925e-9cd20dfc6d2e,Stop blood drawing machine,2024-09-11 16:11:29.050000+01:00,Stop blood drawing machine,iot_event,Stop blood drawing machine,Patient Left,End,s1s3,['trace_e138c4d9']
4fa35870-b7f9-4e8b-82fc-6e697c35bdbb,Remove needle,2024-09-11 16:11:32.537000+01:00,Remove needle,iot_event,Remove needle,Patient Left,Start,s1s3,['trace_e138c4d9']
df72216e-f10e-4e59-b53e-abe529065f6f,Remove needle,2024-09-11 16:11:47.880000+01:00,Remove needle,iot_event,Remove needle,Patient Left,End,s1s3,['trace_e138c4d9']
2e8cfe3f-6c44-48b1-9b04-9f8eb564d9e6,Remove gloves and hand hygiene,2024-09-11 16:11:51.759000+01:00,Remove gloves and hand hygiene,iot_event,Remove gloves and hand hygiene,Patient Left,Start,s1s3,['trace_e138c4d9']
df051d95-6149-45de-acee-a86a2e79ca1c,Remove gloves and hand hygiene,2024-09-11 16:12:01.282000+01:00,Remove gloves and hand hygiene,iot_event,Remove gloves and hand hygiene,Patient Left,End,s1s3,['trace_e138c4d9']
01609f32-30c2-4935-9abf-71c07c8ac4e5,Donor check-out,2024-09-11 16:12:04.945000+01:00,Donor check-out,iot_event,Donor check-out,Patient Left,Start,s1s3,['trace_e138c4d9']
dea45847-374a-4904-9a33-d7b41e915589,Donor check-out,2024-09-11 16:12:07.467000+01:00,Donor check-out,iot_event,Donor check-out,Patient Left,End,s1s3,['trace_e138c4d9']
ecfa8a18-71a0-47a4-9dc0-9d046f51e6a1,Take out samples,2024-09-11 16:12:09.609000+01:00,Take out samples,iot_event,Take out samples,Patient Left,Start,s1s3,['trace_e138c4d9']
d1f9c3f4-6d21-4346-9885-410d255309e3,Take out samples,2024-09-11 16:12:15.541000+01:00,Take out samples,iot_event,Take out samples,Patient Left,End,s1s3,['trace_e138c4d9']
56a4df54-17df-4a33-9059-930fbc35dc78,Hand hygiene,2024-09-11 16:12:19.916000+01:00,Hand hygiene,iot_event,Hand hygiene,Patient Left,Start,s1s3,['trace_e138c4d9']
8df7740c-af94-49bf-a919-6975c092b504,Hand hygiene,2024-09-11 16:12:22.722000+01:00,Hand hygiene,iot_event,Hand hygiene,Patient Left,End,s1s3,['trace_e138c4d9']
174c3a32-e52b-41b5-bb5d-d85ce2123ba4,HCW check-out,2024-09-11 16:12:24.536000+01:00,HCW check-out,iot_event,HCW check-out,Patient Left,Start,s1s3,['trace_e138c4d9']
207f21f5-7444-4189-9730-89ee82db444f,HCW check-out,2024-09-11 16:12:31.567000+01:00,HCW check-out,iot_event,HCW check-out,Patient Left,End,s1s3,['trace_e138c4d9']
bf9cc4b5-99cd-42f6-ae55-cef2dd289439,Donor check-in,2024-09-11 16:15:37.928000+01:00,Donor check-in,iot_event,Donor check-in,Patient Left,Start,s1s4,['trace_c12f7fdb']
09e2623f-36c6-4834-b3e4-5a16c4b40d81,Donor check-in,2024-09-11 16:15:40.554000+01:00,Donor check-in,iot_event,Donor check-in,Patient Left,End,s1s4,['trace_c12f7fdb']
0770a6c1-fa95-40ec-93c7-836c5759d2b9,HCW check-in,2024-09-11 16:15:43.647000+01:00,HCW check-in,iot_event,HCW check-in,Patient Left,Start,s1s4,['trace_c12f7fdb']
0b92cf16-dc65-451e-8bc8-f802edd64ef0,HCW check-in,2024-09-11 16:15:48.765000+01:00,HCW check-in,iot_event,HCW check-in,Patient Left,End,s1s4,['trace_c12f7fdb']
51bb38fe-c055-49fd-8fc9-06bf31bbcb1c,Hand hygiene,2024-09-11 16:15:50.087000+01:00,Hand hygiene,iot_event,Hand hygiene,Patient Left,Start,s1s4,['trace_c12f7fdb']
4be06a06-409d-4492-a435-85f580661063,Hand hygiene,2024-09-11 16:16:02.604000+01:00,Hand hygiene,iot_event,Hand hygiene,Patient Left,End,s1s4,['trace_c12f7fdb']
3f6461d5-9e2f-4d39-a0cf-32b7e3d76ecb,Check blood drawing machine,2024-09-11 16:16:04.510000+01:00,Check blood drawing machine,iot_event,Check blood drawing machine,Patient Left,Start,s1s4,['trace_c12f7fdb']
0f22c0bf-c035-4792-8afc-e9f8bc040615,Check blood drawing machine,2024-09-11 16:16:11.249000+01:00,Check blood drawing machine,iot_event,Check blood drawing machine,Patient Left,End,s1s4,['trace_c12f7fdb']
e7561308-e253-443a-9b37-c8be3637a44a,Apply tourniquet,2024-09-11 16:16:13.272000+01:00,Apply tourniquet,iot_event,Apply tourniquet,Patient Left,Start,s1s4,['trace_c12f7fdb']
5f40e0c7-4f4b-468a-a827-fbe107a82cc4,Apply tourniquet,2024-09-11 16:16:21.290000+01:00,Apply tourniquet,iot_event,Apply tourniquet,Patient Left,End,s1s4,['trace_c12f7fdb']
e0b00c99-1d7c-4be6-b419-f13661010d62,Hand hygiene and wear gloves,2024-09-11 16:16:23.278000+01:00,Hand hygiene and wear gloves,iot_event,Hand hygiene and wear gloves,Patient Left,Start,s1s4,['trace_c12f7fdb']
51fcd1c0-a75d-4c1e-aa2f-9cd16c18b8d0,Hand hygiene and wear gloves,2024-09-11 16:16:48.965000+01:00,Hand hygiene and wear gloves,iot_event,Hand hygiene and wear gloves,Patient Left,End,s1s4,['trace_c12f7fdb']
4b87dfcf-a2a6-44ce-b35c-84668ac7eafe,Disinfect injection site,2024-09-11 16:16:51.811000+01:00,Disinfect injection site,iot_event,Disinfect injection site,Patient Left,Start,s1s4,['trace_c12f7fdb']
fa7e1601-27f1-4600-ba62-fd26c1161f7d,Disinfect injection site,2024-09-11 16:17:05.177000+01:00,Disinfect injection site,iot_event,Disinfect injection site,Patient Left,End,s1s4,['trace_c12f7fdb']
13e1ecd2-738e-4e1b-bb2f-ab6d3ce2466f,Insert needle,2024-09-11 16:17:06.339000+01:00,Insert needle,iot_event,Insert needle,Patient Left,Start,s1s4,['trace_c12f7fdb']
74d9436f-b9aa-42ed-bb6c-a252dbab003f,Insert needle,2024-09-11 16:17:15.834000+01:00,Insert needle,iot_event,Insert needle,Patient Left,End,s1s4,['trace_c12f7fdb']
47a5b2d5-115b-4b84-b7c7-4675bf63ea49,Remove tourniquet,2024-09-11 16:17:16.827000+01:00,Remove tourniquet,iot_event,Remove tourniquet,Patient Left,Start,s1s4,['trace_c12f7fdb']
28476845-e7a3-4f60-bb3d-3f28cae260f4,Remove tourniquet,2024-09-11 16:17:21.504000+01:00,Remove tourniquet,iot_event,Remove tourniquet,Patient Left,End,s1s4,['trace_c12f7fdb']
2be1f043-2450-4577-8175-56ec0b4cf9ce,Start blood drawing machine,2024-09-11 16:17:23.394000+01:00,Start blood drawing machine,iot_event,Start blood drawing machine,Patient Left,Start,s1s4,['trace_c12f7fdb']
209de251-e268-46c1-8bd6-3f49d2396949,Start blood drawing machine,2024-09-11 16:17:30.924000+01:00,Start blood drawing machine,iot_event,Start blood drawing machine,Patient Left,End,s1s4,['trace_c12f7fdb']
7d3a1ce7-4493-49e1-8017-ddc7a17ccfb3,Monitor patient,2024-09-11 16:17:32.469000+01:00,Monitor patient,iot_event,Monitor patient,Patient Left,Start,s1s4,['trace_c12f7fdb']
792ebef5-7d36-45f7-be7a-dd8a8a168ee1,Monitor patient,2024-09-11 16:17:44.476000+01:00,Monitor patient,iot_event,Monitor patient,Patient Left,End,s1s4,['trace_c12f7fdb']
c1c911c6-b293-4999-b82c-bd1c24c911ab,Stop blood drawing machine,2024-09-11 16:17:46.982000+01:00,Stop blood drawing machine,iot_event,Stop blood drawing machine,Patient Left,Start,s1s4,['trace_c12f7fdb']
13c642ae-1e77-45c7-9251-4c58ecff39fa,Stop blood drawing machine,2024-09-11 16:17:51.387000+01:00,Stop blood drawing machine,iot_event,Stop blood drawing machine,Patient Left,End,s1s4,['trace_c12f7fdb']
9e231116-e873-4701-b0a9-b5146e51f15c,Remove needle,2024-09-11 16:17:54.223000+01:00,Remove needle,iot_event,Remove needle,Patient Left,Start,s1s4,['trace_c12f7fdb']
f356cfbe-9093-4486-9f3d-f9f709bc19f0,Remove needle,2024-09-11 16:18:05.028000+01:00,Remove needle,iot_event,Remove needle,Patient Left,End,s1s4,['trace_c12f7fdb']
c7571a70-b136-4d08-8bab-7ea4235ea452,Remove gloves and hand hygiene,2024-09-11 16:18:08.513000+01:00,Remove gloves and hand hygiene,iot_event,Remove gloves and hand hygiene,Patient Left,Start,s1s4,['trace_c12f7fdb']
3c3d1f91-88ab-45de-933c-864c4b35b778,Remove gloves and hand hygiene,2024-09-11 16:18:25.708000+01:00,Remove gloves and hand hygiene,iot_event,Remove gloves and hand hygiene,Patient Left,End,s1s4,['trace_c12f7fdb']
3c904149-0c17-4ade-bf0a-d09169f7e8c3,Donor check-out,2024-09-11 16:18:27.728000+01:00,Donor check-out,iot_event,Donor check-out,Patient Left,Start,s1s4,['trace_c12f7fdb']
f1783360-c1a9-400d-b396-3c701698207b,Donor check-out,2024-09-11 16:18:28.163000+01:00,Donor check-out,iot_event,Donor check-out,Patient Left,End,s1s4,['trace_c12f7fdb']
5c83a920-ebff-4dda-8ea4-59e201af9e12,Take out samples,2024-09-11 16:18:31.686000+01:00,Take out samples,iot_event,Take out samples,Patient Left,Start,s1s4,['trace_c12f7fdb']
7a265e2f-61c1-47e5-9346-d2bc6b67e7c8,Take out samples,2024-09-11 16:18:38.738000+01:00,Take out samples,iot_event,Take out samples,Patient Left,End,s1s4,['trace_c12f7fdb']
4a517bd4-7196-4880-86e5-e89524d07e6d,Hand hygiene,2024-09-11 16:18:41.589000+01:00,Hand hygiene,iot_event,Hand hygiene,Patient Left,Start,s1s4,['trace_c12f7fdb']
0381d6d6-cc1f-497b-b62c-b3604dc53be4,Hand hygiene,2024-09-11 16:18:51.134000+01:00,Hand hygiene,iot_event,Hand hygiene,Patient Left,End,s1s4,['trace_c12f7fdb']
752ec4e7-60b0-4db9-a9eb-c69f9636123e,HCW check-out,2024-09-11 16:18:52.814000+01:00,HCW check-out,iot_event,HCW check-out,Patient Left,Start,s1s4,['trace_c12f7fdb']
c139309b-1bab-4ac7-86e0-f3e934656eac,HCW check-out,2024-09-11 16:18:58.137000+01:00,HCW check-out,iot_event,HCW check-out,Patient Left,End,s1s4,['trace_c12f7fdb']
c97d3366-705f-4fa4-a63f-b7b9a6e9083a,Donor check-in,2024-09-11 16:21:14.076000+01:00,Donor check-in,iot_event,Donor check-in,Patient Left,Start,s1s5,['trace_0b9be2b1']
e6137264-036f-42a6-8352-d260ba5a55b7,Donor check-in,2024-09-11 16:21:17.135000+01:00,Donor check-in,iot_event,Donor check-in,Patient Left,End,s1s5,['trace_0b9be2b1']
8461b741-6ec6-439c-9ca3-a12fd6201fd7,HCW check-in,2024-09-11 16:21:19.659000+01:00,HCW check-in,iot_event,HCW check-in,Patient Left,Start,s1s5,['trace_0b9be2b1']
09887169-eb82-4cfb-9733-f64e52a02dbc,HCW check-in,2024-09-11 16:21:28.802000+01:00,HCW check-in,iot_event,HCW check-in,Patient Left,End,s1s5,['trace_0b9be2b1']
908a2da5-5109-4499-b400-792bcddcdc69,Hand hygiene,2024-09-11 16:21:31.898000+01:00,Hand hygiene,iot_event,Hand hygiene,Patient Left,Start,s1s5,['trace_0b9be2b1']
75bab71e-b564-4082-bad5-97001d475939,Hand hygiene,2024-09-11 16:21:43.090000+01:00,Hand hygiene,iot_event,Hand hygiene,Patient Left,End,s1s5,['trace_0b9be2b1']
fd8fcb9b-1a49-45d4-943b-4e8b70db167d,Check blood drawing machine,2024-09-11 16:21:44.495000+01:00,Check blood drawing machine,iot_event,Check blood drawing machine,Patient Left,Start,s1s5,['trace_0b9be2b1']
fe042bbc-3957-4808-8d21-65a3e8654850,Check blood drawing machine,2024-09-11 16:21:50.781000+01:00,Check blood drawing machine,iot_event,Check blood drawing machine,Patient Left,End,s1s5,['trace_0b9be2b1']
067bb9ec-37da-4a1c-b144-4f4fd2759c37,Apply tourniquet,2024-09-11 16:21:52.979000+01:00,Apply tourniquet,iot_event,Apply tourniquet,Patient Left,Start,s1s5,['trace_0b9be2b1']
d6629e15-ee0b-44ea-b279-84c0e44541e0,Apply tourniquet,2024-09-11 16:22:01.938000+01:00,Apply tourniquet,iot_event,Apply tourniquet,Patient Left,End,s1s5,['trace_0b9be2b1']
16ea178d-6197-408b-ba14-7648297ba2a4,Hand hygiene and wear gloves,2024-09-11 16:22:04.598000+01:00,Hand hygiene and wear gloves,iot_event,Hand hygiene and wear gloves,Patient Left,Start,s1s5,['trace_0b9be2b1']
21e7837f-34a8-4604-bcee-05d02a84ff88,Hand hygiene and wear gloves,2024-09-11 16:22:23.797000+01:00,Hand hygiene and wear gloves,iot_event,Hand hygiene and wear gloves,Patient Left,End,s1s5,['trace_0b9be2b1']
a436166e-6291-4e9f-aafc-c0e0b8a609ee,Disinfect injection site,2024-09-11 16:22:26.891000+01:00,Disinfect injection site,iot_event,Disinfect injection site,Patient Left,Start,s1s5,['trace_0b9be2b1']
5863d6ba-7621-48b5-ae77-52baf51080e4,Disinfect injection site,2024-09-11 16:22:47.324000+01:00,Disinfect injection site,iot_event,Disinfect injection site,Patient Left,End,s1s5,['trace_0b9be2b1']
78fca616-67ee-41be-896d-d951127fd853,Insert needle,2024-09-11 16:22:49.290000+01:00,Insert needle,iot_event,Insert needle,Patient Left,Start,s1s5,['trace_0b9be2b1']
e28f0495-b92e-4f01-b9ce-5f95d7388ac0,Insert needle,2024-09-11 16:23:07.566000+01:00,Insert needle,iot_event,Insert needle,Patient Left,End,s1s5,['trace_0b9be2b1']
e4712676-def3-4d1e-ba09-f03cbe21730d,Remove tourniquet,2024-09-11 16:23:08.992000+01:00,Remove tourniquet,iot_event,Remove tourniquet,Patient Left,Start,s1s5,['trace_0b9be2b1']
ffda939d-0859-4724-bcd0-a0fbf4060551,Remove tourniquet,2024-09-11 16:23:17.412000+01:00,Remove tourniquet,iot_event,Remove tourniquet,Patient Left,End,s1s5,['trace_0b9be2b1']
5d1b40e3-5fc1-4404-ac87-dc8ab2413ac3,Start blood drawing machine,2024-09-11 16:23:22.719000+01:00,Start blood drawing machine,iot_event,Start blood drawing machine,Patient Left,Start,s1s5,['trace_0b9be2b1']
22c319b5-4139-4806-b31f-b625db6934c2,Start blood drawing machine,2024-09-11 16:23:28.451000+01:00,Start blood drawing machine,iot_event,Start blood drawing machine,Patient Left,End,s1s5,['trace_0b9be2b1']
3ebd2cf9-49fa-4282-8ebb-7d24b39fd96a,Monitor patient,2024-09-11 16:23:36.486000+01:00,Monitor patient,iot_event,Monitor patient,Patient Left,Start,s1s5,['trace_0b9be2b1']
3c658daa-3636-4dce-b3a8-b5d484df2a27,Monitor patient,2024-09-11 16:23:48.195000+01:00,Monitor patient,iot_event,Monitor patient,Patient Left,End,s1s5,['trace_0b9be2b1']
55e5226a-0a63-4d8b-bb03-3f335cc17310,Stop blood drawing machine,2024-09-11 16:23:52.422000+01:00,Stop blood drawing machine,iot_event,Stop blood drawing machine,Patient Left,Start,s1s5,['trace_0b9be2b1']
bbcb7aad-b556-440e-80a3-ae120cf667bc,Stop blood drawing machine,2024-09-11 16:23:57.063000+01:00,Stop blood drawing machine,iot_event,Stop blood drawing machine,Patient Left,End,s1s5,['trace_0b9be2b1']
9b90a1ca-4ffe-462e-8913-8ed74fb6e3e5,Remove needle,2024-09-11 16:24:01.205000+01:00,Remove needle,iot_event,Remove needle,Patient Left,Start,s1s5,['trace_0b9be2b1']
03e2b924-bc6d-49aa-9cdf-9586f7a4f24f,Remove needle,2024-09-11 16:24:14.443000+01:00,Remove needle,iot_event,Remove needle,Patient Left,End,s1s5,['trace_0b9be2b1']
84356c34-077c-4945-9e01-2ccc8fd7d507,Remove gloves and hand hygiene,2024-09-11 16:24:18.166000+01:00,Remove gloves and hand hygiene,iot_event,Remove gloves and hand hygiene,Patient Left,Start,s1s5,['trace_0b9be2b1']
430ea997-91d5-466c-a5cf-287f4ad06a78,Remove gloves and hand hygiene,2024-09-11 16:24:35.923000+01:00,Remove gloves and hand hygiene,iot_event,Remove gloves and hand hygiene,Patient Left,End,s1s5,['trace_0b9be2b1']
c5832584-9c7c-4e87-a1a6-cb3f0d0c9f16,Donor check-out,2024-09-11 16:24:40.417000+01:00,Donor check-out,iot_event,Donor check-out,Patient Left,Start,s1s5,['trace_0b9be2b1']
21095094-82eb-4820-8afd-8b30f6c01789,Donor check-out,2024-09-11 16:24:43.215000+01:00,Donor check-out,iot_event,Donor check-out,Patient Left,End,s1s5,['trace_0b9be2b1']
3ef7f178-3d9b-47d8-ae6d-b71856882138,Take out samples,2024-09-11 16:24:51.714000+01:00,Take out samples,iot_event,Take out samples,Patient Left,Start,s1s5,['trace_0b9be2b1']
b88a9cd3-876c-47a9-8dcb-28973fc14c12,Take out samples,2024-09-11 16:24:56.392000+01:00,Take out samples,iot_event,Take out samples,Patient Left,End,s1s5,['trace_0b9be2b1']
a9edfd7c-d680-4930-9691-44aedbb9b35b,Hand hygiene,2024-09-11 16:24:59.945000+01:00,Hand hygiene,iot_event,Hand hygiene,Patient Left,Start,s1s5,['trace_0b9be2b1']
d564e444-4580-4d58-ab06-5478245235af,Hand hygiene,2024-09-11 16:25:06.727000+01:00,Hand hygiene,iot_event,Hand hygiene,Patient Left,End,s1s5,['trace_0b9be2b1']
74125a46-70ff-41cc-b2a7-19f36d0a20d0,HCW check-out,2024-09-11 16:25:10.605000+01:00,HCW check-out,iot_event,HCW check-out,Patient Left,Start,s1s5,['trace_0b9be2b1']
0024f2bc-ce97-49e9-a136-96d89443d63b,HCW check-out,2024-09-11 16:25:14.799000+01:00,HCW check-out,iot_event,HCW check-out,Patient Left,End,s1s5,['trace_0b9be2b1']
8c0b56cd-9b84-4259-b4eb-a828be593341,Donor check-in,2024-09-11 16:27:03.915000+01:00,Donor check-in,iot_event,Donor check-in,Patient Left,Start,s1s6,['trace_7b499a74']
bd5df6ce-ec42-4c1d-9cf4-c32ca6245afa,Donor check-in,2024-09-11 16:27:06.671000+01:00,Donor check-in,iot_event,Donor check-in,Patient Left,End,s1s6,['trace_7b499a74']
6c102c6b-15e4-4c67-94de-74d3afb25b9a,HCW check-in,2024-09-11 16:27:07.518000+01:00,HCW check-in,iot_event,HCW check-in,Patient Left,Start,s1s6,['trace_7b499a74']
71a6e561-ce48-4fa7-bdaa-f969fcb38219,HCW check-in,2024-09-11 16:27:10.878000+01:00,HCW check-in,iot_event,HCW check-in,Patient Left,End,s1s6,['trace_7b499a74']
32d74d93-1e58-49c9-b029-bc39e89d1d0e,Hand hygiene,2024-09-11 16:27:13.438000+01:00,Hand hygiene,iot_event,Hand hygiene,Patient Left,Start,s1s6,['trace_7b499a74']
d3ef6b6e-29fe-4e75-b40c-27e1b039f911,Hand hygiene,2024-09-11 16:27:28.043000+01:00,Hand hygiene,iot_event,Hand hygiene,Patient Left,End,s1s6,['trace_7b499a74']
a79e39e9-b19b-4d47-83fa-094db8721530,Check blood drawing machine,2024-09-11 16:27:28.759000+01:00,Check blood drawing machine,iot_event,Check blood drawing machine,Patient Left,Start,s1s6,['trace_7b499a74']
57125a2f-46a1-4656-b91c-bb3ec6aaf090,Check blood drawing machine,2024-09-11 16:27:33.350000+01:00,Check blood drawing machine,iot_event,Check blood drawing machine,Patient Left,End,s1s6,['trace_7b499a74']
1806a692-d7f8-4430-9593-650c7553260f,Apply tourniquet,2024-09-11 16:27:34.330000+01:00,Apply tourniquet,iot_event,Apply tourniquet,Patient Left,Start,s1s6,['trace_7b499a74']
90f2410f-9289-426e-ac41-b4c30a1bcc46,Apply tourniquet,2024-09-11 16:27:38.955000+01:00,Apply tourniquet,iot_event,Apply tourniquet,Patient Left,End,s1s6,['trace_7b499a74']
f15f797b-8538-42eb-8106-2069a19ab911,Hand hygiene and wear gloves,2024-09-11 16:27:42.839000+01:00,Hand hygiene and wear gloves,iot_event,Hand hygiene and wear gloves,Patient Left,Start,s1s6,['trace_7b499a74']
0ff7d09a-cbed-4b0f-8090-faac6ca75920,Hand hygiene and wear gloves,2024-09-11 16:28:23.301000+01:00,Hand hygiene and wear gloves,iot_event,Hand hygiene and wear gloves,Patient Left,End,s1s6,['trace_7b499a74']
ce30a83b-a436-4d9b-92d2-095559594cda,Disinfect injection site,2024-09-11 16:28:24.512000+01:00,Disinfect injection site,iot_event,Disinfect injection site,Patient Left,Start,s1s6,['trace_7b499a74']
829f39ba-b4fd-4002-976a-7d02c56051c6,Disinfect injection site,2024-09-11 16:28:36.153000+01:00,Disinfect injection site,iot_event,Disinfect injection site,Patient Left,End,s1s6,['trace_7b499a74']
33e3ba30-225d-4314-ab38-38aac6696d2e,Insert needle,2024-09-11 16:28:38.399000+01:00,Insert needle,iot_event,Insert needle,Patient Left,Start,s1s6,['trace_7b499a74']
467b2c7b-a7d7-4884-9a58-1799dc01da74,Insert needle,2024-09-11 16:28:46.642000+01:00,Insert needle,iot_event,Insert needle,Patient Left,End,s1s6,['trace_7b499a74']
8ef64551-1b16-4e39-a031-f78230d9e58c,Remove tourniquet,2024-09-11 16:28:50.668000+01:00,Remove tourniquet,iot_event,Remove tourniquet,Patient Left,Start,s1s6,['trace_7b499a74']
23391d10-1d72-47b0-b745-897b82fac8ab,Remove tourniquet,2024-09-11 16:28:54.846000+01:00,Remove tourniquet,iot_event,Remove tourniquet,Patient Left,End,s1s6,['trace_7b499a74']
637bb1f7-4757-4965-8453-7268cfc7a899,Start blood drawing machine,2024-09-11 16:28:58.917000+01:00,Start blood drawing machine,iot_event,Start blood drawing machine,Patient Left,Start,s1s6,['trace_7b499a74']
ae9c6698-d975-4756-a686-c4fff7ef46d2,Start blood drawing machine,2024-09-11 16:29:02.255000+01:00,Start blood drawing machine,iot_event,Start blood drawing machine,Patient Left,End,s1s6,['trace_7b499a74']
c2312ec0-dec8-4751-abcd-bf0e4fc995e6,Monitor patient,2024-09-11 16:29:04.544000+01:00,Monitor patient,iot_event,Monitor patient,Patient Left,Start,s1s6,['trace_7b499a74']
ed9c8b14-85fd-4cd8-8bd4-932dc5c422c4,Monitor patient,2024-09-11 16:29:12.103000+01:00,Monitor patient,iot_event,Monitor patient,Patient Left,End,s1s6,['trace_7b499a74']
8cd9666d-2f8c-49ca-b8d7-1008175f1572,Stop blood drawing machine,2024-09-11 16:29:13.706000+01:00,Stop blood drawing machine,iot_event,Stop blood drawing machine,Patient Left,Start,s1s6,['trace_7b499a74']
ee164eaf-d55f-4bc0-a32a-6bc4ffe095d3,Stop blood drawing machine,2024-09-11 16:29:17.150000+01:00,Stop blood drawing machine,iot_event,Stop blood drawing machine,Patient Left,End,s1s6,['trace_7b499a74']
30b14d81-71c5-4bb7-95ad-17f2570a9d69,Remove needle,2024-09-11 16:29:18.608000+01:00,Remove needle,iot_event,Remove needle,Patient Left,Start,s1s6,['trace_7b499a74']
73e76cab-f07d-4867-b791-b30ea0e554ca,Remove needle,2024-09-11 16:29:30.101000+01:00,Remove needle,iot_event,Remove needle,Patient Left,End,s1s6,['trace_7b499a74']
b2ba186f-2f75-457c-91aa-03dd6c9b8485,Remove gloves and hand hygiene,2024-09-11 16:29:31.783000+01:00,Remove gloves and hand hygiene,iot_event,Remove gloves and hand hygiene,Patient Left,Start,s1s6,['trace_7b499a74']
7b23a3ea-5238-40ba-8356-c6f3c7d51347,Remove gloves and hand hygiene,2024-09-11 16:29:48.176000+01:00,Remove gloves and hand hygiene,iot_event,Remove gloves and hand hygiene,Patient Left,End,s1s6,['trace_7b499a74']
c7420176-0f57-406a-b254-1e76885715f3,Donor check-out,2024-09-11 16:29:50.987000+01:00,Donor check-out,iot_event,Donor check-out,Patient Left,Start,s1s6,['trace_7b499a74']
41a004c9-e428-47cf-a634-184805954abd,Donor check-out,2024-09-11 16:29:54.186000+01:00,Donor check-out,iot_event,Donor check-out,Patient Left,End,s1s6,['trace_7b499a74']
d7a21307-b90c-47ae-abd8-0db88dae3543,Take out samples,2024-09-11 16:29:57.077000+01:00,Take out samples,iot_event,Take out samples,Patient Left,Start,s1s6,['trace_7b499a74']
9e91fae9-e424-4a46-8df1-f1169dc921c0,Take out samples,2024-09-11 16:30:04.837000+01:00,Take out samples,iot_event,Take out samples,Patient Left,End,s1s6,['trace_7b499a74']
b0f1617d-0a0e-43f9-98b4-a8829756436f,Hand hygiene,2024-09-11 16:30:06.593000+01:00,Hand hygiene,iot_event,Hand hygiene,Patient Left,Start,s1s6,['trace_7b499a74']
8660db5f-040b-4445-b280-3e99a486b019,Hand hygiene,2024-09-11 16:30:16.148000+01:00,Hand hygiene,iot_event,Hand hygiene,Patient Left,End,s1s6,['trace_7b499a74']
8ef3e597-8c21-48bb-96df-9b14ddc124ca,HCW check-out,2024-09-11 16:30:17.298000+01:00,HCW check-out,iot_event,HCW check-out,Patient Left,Start,s1s6,['trace_7b499a74']
097a5a1e-12de-4d76-a6b9-07c6c7f78585,HCW check-out,2024-09-11 16:30:21.008000+01:00,HCW check-out,iot_event,HCW check-out,Patient Left,End,s1s6,['trace_7b499a74']
f3738651-e952-4920-beb0-c01f64c7b7fb,Donor check-in,2024-09-11 16:32:20.380000+01:00,Donor check-in,iot_event,Donor check-in,Patient Left,Start,s1s7,['trace_4f395f52']
b2ae3252-3cae-4f39-be21-043f04f15c43,Donor check-in,2024-09-11 16:32:22.983000+01:00,Donor check-in,iot_event,Donor check-in,Patient Left,End,s1s7,['trace_4f395f52']
6529ff24-2078-49d2-b6b8-04fe69c2afdd,HCW check-in,2024-09-11 16:32:30.066000+01:00,HCW check-in,iot_event,HCW check-in,Patient Left,Start,s1s7,['trace_4f395f52']
fe2aa915-d867-4436-8421-a9c674ec5f4b,HCW check-in,2024-09-11 16:32:32.675000+01:00,HCW check-in,iot_event,HCW check-in,Patient Left,End,s1s7,['trace_4f395f52']
bb7285c5-ccb4-477f-bbca-26b2a7fb8eef,Hand hygiene,2024-09-11 16:32:35.340000+01:00,Hand hygiene,iot_event,Hand hygiene,Patient Left,Start,s1s7,['trace_4f395f52']
b9f79cf9-2d95-47cc-ac22-5ce087972da7,Hand hygiene,2024-09-11 16:32:46+01:00,Hand hygiene,iot_event,Hand hygiene,Patient Left,End,s1s7,['trace_4f395f52']
d0be2a09-2d9e-40c9-baab-d32b6cc68567,Check blood drawing machine,2024-09-11 16:32:49.251000+01:00,Check blood drawing machine,iot_event,Check blood drawing machine,Patient Left,Start,s1s7,['trace_4f395f52']
38158166-d798-403b-bcd3-ebc539244923,Check blood drawing machine,2024-09-11 16:32:54.571000+01:00,Check blood drawing machine,iot_event,Check blood drawing machine,Patient Left,End,s1s7,['trace_4f395f52']
62b67211-3fa0-45ad-a589-b7c3d0cd2780,Apply tourniquet,2024-09-11 16:33:00.043000+01:00,Apply tourniquet,iot_event,Apply tourniquet,Patient Left,Start,s1s7,['trace_4f395f52']
f71bfec5-6d2f-4994-aec9-b7901eff7379,Apply tourniquet,2024-09-11 16:33:09.393000+01:00,Apply tourniquet,iot_event,Apply tourniquet,Patient Left,End,s1s7,['trace_4f395f52']
3be2fd32-7730-487c-844a-08e49afb11c9,Hand hygiene and wear gloves,2024-09-11 16:33:11.121000+01:00,Hand hygiene and wear gloves,iot_event,Hand hygiene and wear gloves,Patient Left,Start,s1s7,['trace_4f395f52']
628fe3f3-e25e-427a-ac5e-9d5c42a8a616,Hand hygiene and wear gloves,2024-09-11 16:33:50.549000+01:00,Hand hygiene and wear gloves,iot_event,Hand hygiene and wear gloves,Patient Left,End,s1s7,['trace_4f395f52']
ff6e9e0b-e61f-4eab-89e7-a4717fab0feb,Disinfect injection site,2024-09-11 16:33:53.398000+01:00,Disinfect injection site,iot_event,Disinfect injection site,Patient Left,Start,s1s7,['trace_4f395f52']
bcd83279-b043-4daf-97ad-e47d5f73b6f5,Disinfect injection site,2024-09-11 16:34:06.665000+01:00,Disinfect injection site,iot_event,Disinfect injection site,Patient Left,End,s1s7,['trace_4f395f52']
affec6c8-d654-495c-a050-ffefd99621dd,Insert needle,2024-09-11 16:34:11.183000+01:00,Insert needle,iot_event,Insert needle,Patient Left,Start,s1s7,['trace_4f395f52']
74cf8b03-1225-412b-a376-65787ed2f4a8,Insert needle,2024-09-11 16:34:20.239000+01:00,Insert needle,iot_event,Insert needle,Patient Left,End,s1s7,['trace_4f395f52']
a79377fa-f40a-4288-af90-851e78bc5a97,Remove tourniquet,2024-09-11 16:34:22.339000+01:00,Remove tourniquet,iot_event,Remove tourniquet,Patient Left,Start,s1s7,['trace_4f395f52']
ae314636-03a9-4b79-baac-e0fb6e0fb851,Remove tourniquet,2024-09-11 16:34:27.284000+01:00,Remove tourniquet,iot_event,Remove tourniquet,Patient Left,End,s1s7,['trace_4f395f52']
a7a8264d-11f6-4a7c-a546-3322feb6b376,Start blood drawing machine,2024-09-11 16:34:32.141000+01:00,Start blood drawing machine,iot_event,Start blood drawing machine,Patient Left,Start,s1s7,['trace_4f395f52']
5e3f7339-0d89-4610-945c-4f68299e7a46,Start blood drawing machine,2024-09-11 16:34:34.033000+01:00,Start blood drawing machine,iot_event,Start blood drawing machine,Patient Left,End,s1s7,['trace_4f395f52']
ade38049-9aa8-4c73-a31e-c48ba2f3d026,Monitor patient,2024-09-11 16:34:36.138000+01:00,Monitor patient,iot_event,Monitor patient,Patient Left,Start,s1s7,['trace_4f395f52']
1899c63e-99ec-4f4e-a5ad-75f9d93b8de4,Monitor patient,2024-09-11 16:34:42.059000+01:00,Monitor patient,iot_event,Monitor patient,Patient Left,End,s1s7,['trace_4f395f52']
89e909b2-f1f3-416a-a07f-aca7275d057c,Stop blood drawing machine,2024-09-11 16:34:47.307000+01:00,Stop blood drawing machine,iot_event,Stop blood drawing machine,Patient Left,Start,s1s7,['trace_4f395f52']
90c5215e-f092-47a8-af22-960fc1e95674,Stop blood drawing machine,2024-09-11 16:34:49.373000+01:00,Stop blood drawing machine,iot_event,Stop blood drawing machine,Patient Left,End,s1s7,['trace_4f395f52']
f85598c2-8b23-4d2c-bf1f-0910f56f7aa1,Remove needle,2024-09-11 16:34:51.207000+01:00,Remove needle,iot_event,Remove needle,Patient Left,Start,s1s7,['trace_4f395f52']
686a61f1-f8a8-4ee5-9071-ee4565fee658,Remove needle,2024-09-11 16:34:59.881000+01:00,Remove needle,iot_event,Remove needle,Patient Left,End,s1s7,['trace_4f395f52']
a3d831e3-4409-4f83-86bc-14f0d6c33496,Remove gloves and hand hygiene,2024-09-11 16:35:05.330000+01:00,Remove gloves and hand hygiene,iot_event,Remove gloves and hand hygiene,Patient Left,Start,s1s7,['trace_4f395f52']
2bad44bf-4845-4bad-8605-c0a8f764b92a,Remove gloves and hand hygiene,2024-09-11 16:35:23.118000+01:00,Remove gloves and hand hygiene,iot_event,Remove gloves and hand hygiene,Patient Left,End,s1s7,['trace_4f395f52']
6f4a7aff-cdbf-4bed-b3ce-1ddcb255a479,Donor check-out,2024-09-11 16:35:25.213000+01:00,Donor check-out,iot_event,Donor check-out,Patient Left,Start,s1s7,['trace_4f395f52']
268ed534-9ce8-4e09-abc7-905c3e54800f,Donor check-out,2024-09-11 16:35:26.907000+01:00,Donor check-out,iot_event,Donor check-out,Patient Left,End,s1s7,['trace_4f395f52']
05b589f5-33f6-46f2-9f16-ae932445e47b,Take out samples,2024-09-11 16:35:30.521000+01:00,Take out samples,iot_event,Take out samples,Patient Left,Start,s1s7,['trace_4f395f52']
6b2e59d9-b41f-479b-b734-9ed1e132de81,Take out samples,2024-09-11 16:35:36.723000+01:00,Take out samples,iot_event,Take out samples,Patient Left,End,s1s7,['trace_4f395f52']
46978ee7-01f9-435c-a929-936c051ed6af,Hand hygiene,2024-09-11 16:35:40.088000+01:00,Hand hygiene,iot_event,Hand hygiene,Patient Left,Start,s1s7,['trace_4f395f52']
738b5887-da6b-4d98-85d1-e80e19e75027,Hand hygiene,2024-09-11 16:35:44.487000+01:00,Hand hygiene,iot_event,Hand hygiene,Patient Left,End,s1s7,['trace_4f395f52']
cb7c4821-14ff-4af3-b2dc-3f33139dbe7c,HCW check-out,2024-09-11 16:35:47.296000+01:00,HCW check-out,iot_event,HCW check-out,Patient Left,Start,s1s7,['trace_4f395f52']
f5a87dac-d62c-4ebb-a930-4c48dc8ecef2,HCW check-out,2024-09-11 16:35:50.530000+01:00,HCW check-out,iot_event,HCW check-out,Patient Left,End,s1s7,['trace_4f395f52']
2046bded-a81b-40e7-83db-c7fd1705cb45,Donor check-in,2024-09-11 16:38:08.551000+01:00,Donor check-in,iot_event,Donor check-in,Patient Left,Start,s1s8,['trace_12dcb748']
3e43e3fb-9d7b-4d55-9239-37a44ff9d307,Donor check-in,2024-09-11 16:38:11.496000+01:00,Donor check-in,iot_event,Donor check-in,Patient Left,End,s1s8,['trace_12dcb748']
22fc92ab-bae4-4804-a146-3db4ec1f7f8f,HCW check-in,2024-09-11 16:38:16.214000+01:00,HCW check-in,iot_event,HCW check-in,Patient Left,Start,s1s8,['trace_12dcb748']
1a0f8f9e-469c-4234-a3dc-176fb2076aba,HCW check-in,2024-09-11 16:38:21.279000+01:00,HCW check-in,iot_event,HCW check-in,Patient Left,End,s1s8,['trace_12dcb748']
dfddce02-eec3-40ea-9f35-f001eb273341,Hand hygiene,2024-09-11 16:38:25.135000+01:00,Hand hygiene,iot_event,Hand hygiene,Patient Left,Start,s1s8,['trace_12dcb748']
92550372-29dc-41ef-b17c-bc4b8a9faa2c,Hand hygiene,2024-09-11 16:38:39.315000+01:00,Hand hygiene,iot_event,Hand hygiene,Patient Left,End,s1s8,['trace_12dcb748']
a2d62511-66d9-409f-a061-ae1f687107ad,Check blood drawing machine,2024-09-11 16:38:41.806000+01:00,Check blood drawing machine,iot_event,Check blood drawing machine,Patient Left,Start,s1s8,['trace_12dcb748']
de6743f0-a7c9-48d8-b8f0-abf340fd8032,Check blood drawing machine,2024-09-11 16:38:47.196000+01:00,Check blood drawing machine,iot_event,Check blood drawing machine,Patient Left,End,s1s8,['trace_12dcb748']
80e6397f-a51c-45a2-ab84-54e172d0fb09,Apply tourniquet,2024-09-11 16:38:49.653000+01:00,Apply tourniquet,iot_event,Apply tourniquet,Patient Left,Start,s1s8,['trace_12dcb748']
89f60878-9ab8-4f2d-932f-542c12856161,Apply tourniquet,2024-09-11 16:38:57.085000+01:00,Apply tourniquet,iot_event,Apply tourniquet,Patient Left,End,s1s8,['trace_12dcb748']
7e2dabd1-11f6-40c0-b6dc-4b63b40099c0,Hand hygiene and wear gloves,2024-09-11 16:39:00.795000+01:00,Hand hygiene and wear gloves,iot_event,Hand hygiene and wear gloves,Patient Left,Start,s1s8,['trace_12dcb748']
5ed76f93-c162-440a-9825-f1ea5edffc18,Hand hygiene and wear gloves,2024-09-11 16:39:41.190000+01:00,Hand hygiene and wear gloves,iot_event,Hand hygiene and wear gloves,Patient Left,End,s1s8,['trace_12dcb748']
cd805407-746c-4855-849d-73a754b123c2,Disinfect injection site,2024-09-11 16:39:48.387000+01:00,Disinfect injection site,iot_event,Disinfect injection site,Patient Left,Start,s1s8,['trace_12dcb748']
bf48ffa9-ab37-4f0a-bc9e-28b6b9f8a547,Disinfect injection site,2024-09-11 16:40:04.947000+01:00,Disinfect injection site,iot_event,Disinfect injection site,Patient Left,End,s1s8,['trace_12dcb748']
ec704187-699d-4c04-9ae2-4f27ed8dba59,Insert needle,2024-09-11 16:40:10.041000+01:00,Insert needle,iot_event,Insert needle,Patient Left,Start,s1s8,['trace_12dcb748']
32ab0710-585a-434b-894b-7614bb5269bb,Insert needle,2024-09-11 16:40:20.442000+01:00,Insert needle,iot_event,Insert needle,Patient Left,End,s1s8,['trace_12dcb748']
e2dfd6ed-d26c-4aab-b5d4-f92ecdfe5b3f,Remove tourniquet,2024-09-11 16:40:24.021000+01:00,Remove tourniquet,iot_event,Remove tourniquet,Patient Left,Start,s1s8,['trace_12dcb748']
c51c94f4-ef16-4711-92c4-a9b2c93cb22b,Remove tourniquet,2024-09-11 16:40:28.703000+01:00,Remove tourniquet,iot_event,Remove tourniquet,Patient Left,End,s1s8,['trace_12dcb748']
ddf5bb5a-fa60-43b5-9662-02120ec4ec00,Start blood drawing machine,2024-09-11 16:40:31.937000+01:00,Start blood drawing machine,iot_event,Start blood drawing machine,Patient Left,Start,s1s8,['trace_12dcb748']
d806791f-32e6-4e01-b36d-bbc19010c6cd,Start blood drawing machine,2024-09-11 16:40:36.160000+01:00,Start blood drawing machine,iot_event,Start blood drawing machine,Patient Left,End,s1s8,['trace_12dcb748']
501f8922-cc0c-4e27-8c08-7058f993191a,Monitor patient,2024-09-11 16:40:38.966000+01:00,Monitor patient,iot_event,Monitor patient,Patient Left,Start,s1s8,['trace_12dcb748']
cf821f77-68cd-4e14-aa9c-e8c783fcd8b4,Monitor patient,2024-09-11 16:40:47.407000+01:00,Monitor patient,iot_event,Monitor patient,Patient Left,End,s1s8,['trace_12dcb748']
26cd7df2-236f-473e-a6a3-fb73fff6fc71,Stop blood drawing machine,2024-09-11 16:40:53.967000+01:00,Stop blood drawing machine,iot_event,Stop blood drawing machine,Patient Left,Start,s1s8,['trace_12dcb748']
7249dadb-c25f-41f4-a354-1346395a8f61,Stop blood drawing machine,2024-09-11 16:40:58.182000+01:00,Stop blood drawing machine,iot_event,Stop blood drawing machine,Patient Left,End,s1s8,['trace_12dcb748']
73ec8dec-fad9-41dd-85ee-89dea6c59ad0,Remove needle,2024-09-11 16:41:02.250000+01:00,Remove needle,iot_event,Remove needle,Patient Left,Start,s1s8,['trace_12dcb748']
e9f797eb-71b0-4d08-9aef-54bdb4471d15,Remove needle,2024-09-11 16:41:14.657000+01:00,Remove needle,iot_event,Remove needle,Patient Left,End,s1s8,['trace_12dcb748']
81778f52-bbbf-46d3-b57a-fc2ae1909af4,Remove gloves and hand hygiene,2024-09-11 16:41:18.791000+01:00,Remove gloves and hand hygiene,iot_event,Remove gloves and hand hygiene,Patient Left,Start,s1s8,['trace_12dcb748']
6c3d3130-3b35-417e-a1f2-bc4da0d43dea,Remove gloves and hand hygiene,2024-09-11 16:41:37.104000+01:00,Remove gloves and hand hygiene,iot_event,Remove gloves and hand hygiene,Patient Left,End,s1s8,['trace_12dcb748']
fb8d4eee-eb0b-49f5-af2b-7ef515efc798,Donor check-out,2024-09-11 16:41:39.563000+01:00,Donor check-out,iot_event,Donor check-out,Patient Left,Start,s1s8,['trace_12dcb748']
38e4b498-bc0c-49d9-a01d-75080d58dc93,Donor check-out,2024-09-11 16:41:41.732000+01:00,Donor check-out,iot_event,Donor check-out,Patient Left,End,s1s8,['trace_12dcb748']
da43d855-fa1e-4b04-8554-62affc60a264,Take out samples,2024-09-11 16:41:43.602000+01:00,Take out samples,iot_event,Take out samples,Patient Left,Start,s1s8,['trace_12dcb748']
09b911c8-7ba2-4b2d-a9bb-acc7bab16031,Take out samples,2024-09-11 16:41:56.364000+01:00,Take out samples,iot_event,Take out samples,Patient Left,End,s1s8,['trace_12dcb748']
048f98de-8f04-46da-a3d6-9513f31d4c0f,Hand hygiene,2024-09-11 16:42:01.540000+01:00,Hand hygiene,iot_event,Hand hygiene,Patient Left,Start,s1s8,['trace_12dcb748']
4e9af821-60db-4304-9612-147a31a53957,Hand hygiene,2024-09-11 16:42:11.850000+01:00,Hand hygiene,iot_event,Hand hygiene,Patient Left,End,s1s8,['trace_12dcb748']
5a432a0f-24a5-4653-9060-e0720941d081,HCW check-out,2024-09-11 16:42:12.706000+01:00,HCW check-out,iot_event,HCW check-out,Patient Left,Start,s1s8,['trace_12dcb748']
dc171b2e-7af3-4f60-a5f1-201f804d5278,HCW check-out,2024-09-11 16:42:16.739000+01:00,HCW check-out,iot_event,HCW check-out,Patient Left,End,s1s8,['trace_12dcb748']
